{"brains":[{"neurone_web":[{"neurones":[{"x":645.0379111126412,"y":74.0887833054578,"width":20,"height":20,"activation_condition":"Obstacle","activation":"Jump"},{"x":94.37627240163124,"y":34.56396294985821,"width":20,"height":20,"activation_condition":"Obstacle","activation":"Jump"},{"x":162.11386867986354,"y":64.85745480806307,"width":20,"height":20,"activation_condition":"Obstacle","activation":"Jump"}]}]}],"rng":{"state":165357764953805783841517438238514139131,"increment":1}}